id,run_ts,asof,ticker,cls,interval,sector,model,horizon,last_close,direction,p_up,agreement,score,median_return,flags,side,entry,stop,target,plan_valid,paused,vix,step_median,graded,graded_ts,actual,actual_return,correct,outcome,trade_return
2026-10-02T00:00:00|AAPL|1d|NeoQuasar/Kronos-small,2026-10-03T22:32:55.852892+00:00,2026-10-02T00:00:00,AAPL,stock,1d,Information Technology,NeoQuasar/Kronos-small,5,333.69000244140625,up,0.5,0.5,13,0.0008712906130531,,long,332.1354217529297,307.4624056134905,339.36305236816406,False,False,15.3100004196167,"[333.9978, 333.5798, 333.8989, 334.1533, 333.9807]",False,,,,,,
2026-10-02T00:00:00|MSFT|1d|NeoQuasar/Kronos-small,2026-10-03T22:32:55.852892+00:00,2026-10-02T00:00:00,MSFT,stock,1d,Information Technology,NeoQuasar/Kronos-small,5,517.530029296875,down,0.4333333333333333,0.5666666666666667,28,-0.0081483986955391,gap_down,short,519.0111010415213,540.8335057939802,506.88438415527344,False,False,15.3100004196167,"[516.22, 515.4901, 519.7146, 518.8344, 513.313]",False,,,,,,
2026-10-02T00:00:00|NVDA|1d|NeoQuasar/Kronos-small,2026-10-03T22:32:55.852892+00:00,2026-10-02T00:00:00,NVDA,stock,1d,Information Technology,NeoQuasar/Kronos-small,5,233.9499969482422,up,0.6333333333333333,0.6333333333333333,36,0.0098225969265752,breakout|momentum_up|gap_up,long,233.3062471662249,227.35921521868025,244.73745727539065,False,False,15.3100004196167,"[236.9786, 237.1218, 237.2566, 235.6356, 236.248]",False,,,,,,
2026-10-02T00:00:00|AMZN|1d|NeoQuasar/Kronos-small,2026-10-03T22:32:55.852892+00:00,2026-10-02T00:00:00,AMZN,stock,1d,Consumer Discretionary,NeoQuasar/Kronos-small,5,251.5200042724609,down,0.4,0.6,28,-0.0028075455535693,,short,253.0787353515625,272.049855531965,243.02527618408203,False,False,15.3100004196167,"[252.5931, 252.831, 252.3209, 251.2003, 250.8139]",False,,,,,,
2026-10-02T00:00:00|GOOGL|1d|NeoQuasar/Kronos-small,2026-10-03T22:32:55.852892+00:00,2026-10-02T00:00:00,GOOGL,stock,1d,Communication Services,NeoQuasar/Kronos-small,5,343.5,up,0.7333333333333333,0.7333333333333333,51,0.0180470384711608,gap_down,long,340.92909240722656,321.3584653581892,355.32470703125,False,False,15.3100004196167,"[345.0367, 345.8707, 346.6187, 348.0863, 349.6992]",False,,,,,,
2026-10-02T00:00:00|META|1d|NeoQuasar/Kronos-small,2026-10-03T22:32:55.852892+00:00,2026-10-02T00:00:00,META,stock,1d,Communication Services,NeoQuasar/Kronos-small,5,728.0800170898438,down,0.3,0.7,44,-0.0175490740399986,,short,736.4170227050781,791.1470967484059,689.7689208984375,False,False,15.3100004196167,"[734.0504, 731.7267, 731.1396, 721.5793, 715.3029]",False,,,,,,
2026-10-02T00:00:00|TSLA|1d|NeoQuasar/Kronos-small,2026-10-03T22:32:55.852892+00:00,2026-10-02T00:00:00,TSLA,stock,1d,Consumer Discretionary,NeoQuasar/Kronos-small,5,370.5899963378906,up,0.6,0.6,27,0.0120998958042797,,long,365.75770568847656,326.46024071829663,395.4499206542969,False,False,15.3100004196167,"[371.2033, 372.9675, 373.2965, 376.1714, 375.0741]",False,,,,,,
2026-10-02T00:00:00|AMD|1d|NeoQuasar/Kronos-small,2026-10-03T22:32:55.852892+00:00,2026-10-02T00:00:00,AMD,stock,1d,Information Technology,NeoQuasar/Kronos-small,5,633.9099731445312,down,0.2333333333333333,0.7666666666666666,55,-0.0283869188668841,reversal_down,short,637.0651509421212,695.2542276654925,599.3761291503906,False,False,15.3100004196167,"[623.599, 623.3917, 624.9923, 621.202, 615.9152]",False,,,,,,
2026-10-02T00:00:00|AVGO|1d|NeoQuasar/Kronos-small,2026-10-03T22:32:55.852892+00:00,2026-10-02T00:00:00,AVGO,stock,1d,Information Technology,NeoQuasar/Kronos-small,5,355.1400146484375,up,0.6,0.6,36,0.0183168620568403,,long,352.09344482421875,324.42728015842044,368.840087890625,False,False,15.3100004196167,"[353.9076, 354.4421, 358.2453, 359.4317, 361.6451]",False,,,,,,
2026-10-02T00:00:00|NFLX|1d|NeoQuasar/Kronos-small,2026-10-03T22:32:55.852892+00:00,2026-10-02T00:00:00,NFLX,stock,1d,Communication Services,NeoQuasar/Kronos-small,5,67.05999755859375,up,0.7333333333333333,0.7333333333333333,63,0.0344240887731168,reversal_up,long,66.76956176757812,62.45697381155832,70.7159652709961,False,False,15.3100004196167,"[67.5113, 68.0302, 68.2359, 68.9076, 69.3685]",False,,,,,,
2026-10-02T00:00:00|JPM|1d|NeoQuasar/Kronos-small,2026-10-03T22:32:55.852892+00:00,2026-10-02T00:00:00,JPM,stock,1d,Financials,NeoQuasar/Kronos-small,5,332.3800048828125,up,0.8,0.8,60,0.0128522173584584,,long,331.2689819335937,312.08465859549386,344.2845153808594,False,False,15.3100004196167,"[333.3004, 333.3032, 336.0572, 335.9856, 336.6518]",False,,,,,,
2026-10-02T00:00:00|COIN|1d|NeoQuasar/Kronos-small,2026-10-03T22:32:55.852892+00:00,2026-10-02T00:00:00,COIN,stock,1d,Financials,NeoQuasar/Kronos-small,5,183.0,down,0.4,0.6,27,-0.0141383937147797,,short,185.9980697631836,211.28167484828404,173.83279418945312,False,False,15.3100004196167,"[185.5606, 186.0904, 182.118, 182.804, 180.4127]",False,,,,,,
2026-10-02T00:00:00|PLTR|1d|NeoQuasar/Kronos-small,2026-10-03T22:32:55.852892+00:00,2026-10-02T00:00:00,PLTR,stock,1d,Information Technology,NeoQuasar/Kronos-small,5,188.75,up,0.6666666666666666,0.6666666666666666,40,0.0185413486910182,breakout|momentum_up|gap_up,long,188.0317678451538,177.28109245300294,200.15479278564453,False,False,15.3100004196167,"[192.9232, 195.5306, 196.2657, 194.5235, 192.2497]",False,,,,,,
2026-10-02T00:00:00|SMCI|1d|NeoQuasar/Kronos-small,2026-10-03T22:32:55.852892+00:00,2026-10-02T00:00:00,SMCI,stock,1d,Information Technology,NeoQuasar/Kronos-small,5,43.68999862670898,down,0.2333333333333333,0.7666666666666666,60,-0.0599653141065832,reversal_down,short,44.2399206161499,49.690491771698,40.3068733215332,False,False,15.3100004196167,"[43.9696, 43.5686, 42.1161, 42.5619, 41.0701]",False,,,,,,
2026-10-02T00:00:00|UBER|1d|NeoQuasar/Kronos-small,2026-10-03T22:32:55.852892+00:00,2026-10-02T00:00:00,UBER,stock,1d,Industrials,NeoQuasar/Kronos-small,5,68.11000061035156,up,0.7,0.7,41,0.0059191376039869,,long,67.72560501098633,64.55052294049945,69.86530685424805,False,False,15.3100004196167,"[68.0254, 68.2771, 68.4867, 68.4591, 68.5132]",False,,,,,,
2026-10-02T00:00:00|SPY|1d|NeoQuasar/Kronos-small,2026-10-03T22:32:55.852892+00:00,2026-10-02T00:00:00,SPY,stock,1d,ETF,NeoQuasar/Kronos-small,5,769.6400146484375,up,0.9333333333333332,0.9333333333333332,75,0.0066220018712456,breakout,long,768.7504166382673,761.2924653566126,780.1264953613281,False,False,15.3100004196167,"[772.1734, 772.6705, 774.503, 775.634, 774.7366]",False,,,,,,
2026-10-02T00:00:00|QQQ|1d|NeoQuasar/Kronos-small,2026-10-03T22:32:55.852892+00:00,2026-10-02T00:00:00,QQQ,stock,1d,ETF,NeoQuasar/Kronos-small,5,749.5800170898438,up,0.8,0.8,59,0.0095258013540947,breakout|momentum_up|gap_up,long,748.3528609040288,730.7880094057138,772.0906066894531,False,False,15.3100004196167,"[757.1512, 754.8972, 758.5493, 757.3615, 756.7204]",False,,,,,,
2026-10-02T00:00:00|DIA|1d|NeoQuasar/Kronos-small,2026-10-03T22:32:55.852892+00:00,2026-10-02T00:00:00,DIA,stock,1d,ETF,NeoQuasar/Kronos-small,5,511.1000061035156,up,0.5666666666666667,0.5666666666666667,25,0.0030606545068061,,long,510.4081115722656,494.385538334692,517.9774169921875,False,False,15.3100004196167,"[512.2794, 511.0003, 512.0121, 512.684, 512.6643]",False,,,,,,
2026-10-02T00:00:00|IWM|1d|NeoQuasar/Kronos-small,2026-10-03T22:32:55.852892+00:00,2026-10-02T00:00:00,IWM,stock,1d,ETF,NeoQuasar/Kronos-small,5,281.5199890136719,up,0.5,0.5,13,-3.208725304598703e-05,,long,280.5612106323242,270.3851572309221,286.0077362060547,False,False,15.3100004196167,"[281.7993, 282.0754, 281.5392, 281.1437, 281.511]",False,,,,,,
2026-10-02T00:00:00|XLK|1d|NeoQuasar/Kronos-small,2026-10-03T22:32:55.852892+00:00,2026-10-02T00:00:00,XLK,stock,1d,Technology ETF,NeoQuasar/Kronos-small,5,199.8099975585937,up,0.8,0.8,60,0.0119689970360636,breakout|momentum_up|gap_up,long,199.4286871296782,195.2707867349424,206.6215209960937,False,False,15.3100004196167,"[202.7922, 201.7369, 203.5121, 202.5342, 202.2015]",False,,,,,,
2026-10-02T00:00:00|XLF|1d|NeoQuasar/Kronos-small,2026-10-03T22:32:55.852892+00:00,2026-10-02T00:00:00,XLF,stock,1d,Financials ETF,NeoQuasar/Kronos-small,5,53.4900016784668,up,0.6,0.6,20,0.003242956128558,,long,53.25678825378418,49.84662774065277,54.26293182373047,False,False,15.3100004196167,"[53.4733, 53.2421, 53.4046, 53.6164, 53.6635]",False,,,,,,
2026-10-02T00:00:00|XLE|1d|NeoQuasar/Kronos-small,2026-10-03T22:32:55.852892+00:00,2026-10-02T00:00:00,XLE,stock,1d,Energy ETF,NeoQuasar/Kronos-small,5,62.81999969482422,up,0.7333333333333333,0.7333333333333333,60,0.0156992828344815,,long,62.48877906799317,60.65300727574394,64.44593811035156,False,False,15.3100004196167,"[62.5647, 63.1433, 63.6418, 63.6534, 63.8062]",False,,,,,,
2026-10-02T00:00:00|XLV|1d|NeoQuasar/Kronos-small,2026-10-03T22:32:55.852892+00:00,2026-10-02T00:00:00,XLV,stock,1d,Health Care ETF,NeoQuasar/Kronos-small,5,166.17999267578125,up,0.8666666666666667,0.8666666666666667,75,0.0155943949611652,,long,165.78195190429688,161.83001405292563,171.05130004882812,False,False,15.3100004196167,"[167.4857, 167.3502, 166.9906, 167.7362, 168.7715]",False,,,,,,
2026-10-02T00:00:00|XLY|1d|NeoQuasar/Kronos-small,2026-10-03T22:32:55.852892+00:00,2026-10-02T00:00:00,XLY,stock,1d,Consumer Discretionary ETF,NeoQuasar/Kronos-small,5,110.04000091552734,down,0.3333333333333333,0.6666666666666667,40,-0.0065728994396028,momentum_down,short,110.51848602294922,112.98313106537458,107.71363830566406,False,False,15.3100004196167,"[109.9265, 109.4646, 109.7813, 109.3171, 109.3167]",False,,,,,,
2026-10-02T00:00:00|XLP|1d|NeoQuasar/Kronos-small,2026-10-03T22:32:55.852892+00:00,2026-10-02T00:00:00,XLP,stock,1d,Consumer Staples ETF,NeoQuasar/Kronos-small,5,80.52999877929688,down,0.4,0.6,32,-0.0036713560332377,breakdown,short,80.77709579467773,82.23509181258046,79.18755340576172,False,False,15.3100004196167,"[80.4636, 80.6244, 80.6263, 80.3182, 80.2343]",False,,,,,,
2026-10-02T00:00:00|XLI|1d|NeoQuasar/Kronos-small,2026-10-03T22:32:55.852892+00:00,2026-10-02T00:00:00,XLI,stock,1d,Industrials ETF,NeoQuasar/Kronos-small,5,169.9499969482422,up,0.5333333333333333,0.5333333333333333,22,0.0009545833964439,gap_up,long,169.66300643431464,163.92475859616837,173.17013549804688,False,False,15.3100004196167,"[171.0247, 170.4064, 170.5483, 170.5709, 170.1122]",False,,,,,,
2026-10-02T00:00:00|XLB|1d|NeoQuasar/Kronos-small,2026-10-03T22:32:55.852892+00:00,2026-10-02T00:00:00,XLB,stock,1d,Materials ETF,NeoQuasar/Kronos-small,5,48.86000061035156,up,0.7333333333333333,0.7333333333333333,51,0.0072195057663919,,long,48.66240882873535,47.62388324787132,49.85957717895508,False,False,15.3100004196167,"[49.0558, 48.9166, 49.0878, 49.0058, 49.2127]",False,,,,,,
2026-10-02T00:00:00|XLU|1d|NeoQuasar/Kronos-small,2026-10-03T22:32:55.852892+00:00,2026-10-02T00:00:00,XLU,stock,1d,Utilities ETF,NeoQuasar/Kronos-small,5,39.83000183105469,up,0.5333333333333333,0.5333333333333333,22,0.0008173393163004,,long,39.67178153991699,38.478471083021205,40.3220100402832,False,False,15.3100004196167,"[39.8574, 39.6854, 39.8579, 39.8581, 39.8626]",False,,,,,,
2026-10-02T00:00:00|XLRE|1d|NeoQuasar/Kronos-small,2026-10-03T22:32:55.852892+00:00,2026-10-02T00:00:00,XLRE,stock,1d,Real Estate ETF,NeoQuasar/Kronos-small,5,40.810001373291016,up,0.6666666666666666,0.6666666666666666,42,0.0058952540811698,reversal_up|gap_up,long,40.74551841026185,40.081035447232686,41.44136047363281,False,False,15.3100004196167,"[40.9774, 40.9701, 41.0899, 41.1539, 41.0506]",False,,,,,,
2026-10-02T00:00:00|XLC|1d|NeoQuasar/Kronos-small,2026-10-03T22:32:55.852892+00:00,2026-10-02T00:00:00,XLC,stock,1d,Communication ETF,NeoQuasar/Kronos-small,5,110.31999969482422,down,0.4666666666666667,0.5333333333333333,25,-0.006459950554165,breakdown,short,110.75956344604492,115.06161407651868,108.76986694335938,False,False,15.3100004196167,"[110.6126, 110.9393, 110.5445, 110.5666, 109.6073]",False,,,,,,
2026-10-02T00:00:00|TQQQ|1d|NeoQuasar/Kronos-small,2026-10-03T22:32:55.852892+00:00,2026-10-02T00:00:00,TQQQ,stock,1d,ETF,NeoQuasar/Kronos-small,5,81.01000213623047,up,0.9333333333333332,0.9333333333333332,82,0.0425984091568554,breakout|momentum_up|gap_up|leveraged,long,80.6338842812449,77.59759796922809,89.75438690185547,True,False,15.3100004196167,"[83.2125, 84.1063, 84.7685, 86.1084, 84.4609]",False,,,,,,
2026-10-02T00:00:00|SQQQ|1d|NeoQuasar/Kronos-small,2026-10-03T22:32:55.852892+00:00,2026-10-02T00:00:00,SQQQ,stock,1d,ETF,NeoQuasar/Kronos-small,5,33.119998931884766,up,0.8666666666666667,0.8666666666666667,74,0.047375731222319,reversal_up|leveraged,long,32.783769607543945,28.29490153996372,35.18311309814453,False,False,15.3100004196167,"[33.3598, 32.9839, 33.5463, 34.0143, 34.6891]",False,,,,,,
2026-10-02T00:00:00|SOXL|1d|NeoQuasar/Kronos-small,2026-10-03T22:32:55.852892+00:00,2026-10-02T00:00:00,SOXL,stock,1d,ETF,NeoQuasar/Kronos-small,5,163.7100067138672,up,0.6666666666666666,0.6666666666666666,50,0.1178934576604737,breakout|momentum_up|leveraged,long,160.8862075805664,122.85860940610767,192.21990966796875,False,False,15.3100004196167,"[169.1354, 168.742, 171.6003, 181.5233, 183.0103]",False,,,,,,
2026-10-02T00:00:00|SOXS|1d|NeoQuasar/Kronos-small,2026-10-03T22:32:55.852892+00:00,2026-10-02T00:00:00,SOXS,stock,1d,ETF,NeoQuasar/Kronos-small,5,29.709999084472656,up,0.6666666666666666,0.6666666666666666,47,0.1066334390389274,reversal_up|gap_down|leveraged,long,26.857202529907227,-0.8262962926435354,40.34937286376953,False,False,15.3100004196167,"[28.9465, 30.5374, 29.8649, 32.3068, 32.8781]",False,,,,,,
2026-10-02T00:00:00|UPRO|1d|NeoQuasar/Kronos-small,2026-10-03T22:32:55.852892+00:00,2026-10-02T00:00:00,UPRO,stock,1d,ETF,NeoQuasar/Kronos-small,5,150.8800048828125,up,0.9333333333333332,0.9333333333333332,85,0.0329262367830653,breakout|leveraged,long,150.1019744873047,143.924446347877,159.72787475585938,False,False,15.3100004196167,"[151.8459, 154.508, 155.429, 156.2058, 155.8479]",False,,,,,,
2026-10-02T00:00:00|SPXU|1d|NeoQuasar/Kronos-small,2026-10-03T22:32:55.852892+00:00,2026-10-02T00:00:00,SPXU,stock,1d,ETF,NeoQuasar/Kronos-small,5,33.90999984741211,down,0.4,0.6,24,-0.0032768598392922,gap_down|leveraged,short,34.030529039893466,36.77328494746272,32.19090270996094,False,False,15.3100004196167,"[33.8784, 34.1578, 33.6993, 33.9545, 33.7989]",False,,,,,,
2026-10-02T00:00:00|TNA|1d|NeoQuasar/Kronos-small,2026-10-03T22:32:55.852892+00:00,2026-10-02T00:00:00,TNA,stock,1d,ETF,NeoQuasar/Kronos-small,5,59.84999847412109,up,0.8666666666666667,0.8666666666666667,66,0.0246261182289759,gap_up|leveraged,long,59.42580032348633,54.4509835807937,64.80758666992188,False,False,15.3100004196167,"[61.4628, 61.0079, 62.5883, 61.2793, 61.3239]",False,,,,,,
2026-10-02T00:00:00|TZA|1d|NeoQuasar/Kronos-small,2026-10-03T22:32:55.852892+00:00,2026-10-02T00:00:00,TZA,stock,1d,ETF,NeoQuasar/Kronos-small,5,45.77000045776367,down,0.4666666666666667,0.5333333333333333,23,-0.0053049044904661,gap_down|leveraged,short,46.12255096435547,48.26259645959875,44.59031295776367,False,False,15.3100004196167,"[45.8537, 45.3042, 45.5896, 45.5474, 45.5272]",False,,,,,,
2026-10-02T00:00:00|LABU|1d|NeoQuasar/Kronos-small,2026-10-03T22:32:55.852892+00:00,2026-10-02T00:00:00,LABU,stock,1d,ETF,NeoQuasar/Kronos-small,5,248.72000122070312,down,0.4666666666666667,0.5333333333333333,16,-7.791356551245521e-05,breakdown|leveraged,short,252.35672760009768,294.77361172267365,228.56251525878903,False,False,15.3100004196167,"[250.0946, 254.4021, 249.6081, 254.9246, 248.7006]",False,,,,,,
2026-10-02T00:00:00|FAS|1d|NeoQuasar/Kronos-small,2026-10-03T22:32:55.852892+00:00,2026-10-02T00:00:00,FAS,stock,1d,ETF,NeoQuasar/Kronos-small,5,140.88999938964844,down,0.4666666666666667,0.5333333333333333,13,-0.0034756551970694,gap_down|leveraged,short,141.85853576660156,155.61336519947977,127.96009063720705,False,False,15.3100004196167,"[138.5685, 140.713, 140.2776, 140.4233, 140.4003]",False,,,,,,
2026-10-02T00:00:00|EURUSD=X|1d|NeoQuasar/Kronos-small,2026-10-03T22:32:55.852892+00:00,2026-10-02T00:00:00,EURUSD=X,forex,1d,Forex,NeoQuasar/Kronos-small,5,1.1257457733154297,up,0.8666666666666667,0.8666666666666667,69,0.0027344908211415,reversal_up,long,1.1241415143013,1.1166044844048364,1.1311687231063845,False,False,15.3100004196167,"[1.1257, 1.1252, 1.1258, 1.1268, 1.1288]",False,,,,,,
2026-10-02T00:00:00|GBPUSD=X|1d|NeoQuasar/Kronos-small,2026-10-03T22:32:55.852892+00:00,2026-10-02T00:00:00,GBPUSD=X,forex,1d,Forex,NeoQuasar/Kronos-small,5,1.324047327041626,up,0.7333333333333333,0.7333333333333333,47,0.0018202175689845,,long,1.32269948720932,1.311904740333557,1.3306641578674316,False,False,15.3100004196167,"[1.3236, 1.3237, 1.3258, 1.3265, 1.3265]",False,,,,,,
2026-10-02T00:00:00|USDJPY=X|1d|NeoQuasar/Kronos-small,2026-10-03T22:32:55.852892+00:00,2026-10-02T00:00:00,USDJPY=X,forex,1d,Forex,NeoQuasar/Kronos-small,5,157.927001953125,up,0.7333333333333333,0.7333333333333333,48,0.0026518120361309,,long,157.64441680908203,155.2253741128104,158.97267150878906,False,False,15.3100004196167,"[158.0167, 158.2451, 158.1532, 158.4315, 158.3458]",False,,,,,,
2026-10-02T00:00:00|AUDUSD=X|1d|NeoQuasar/Kronos-small,2026-10-03T22:32:55.852892+00:00,2026-10-02T00:00:00,AUDUSD=X,forex,1d,Forex,NeoQuasar/Kronos-small,5,0.6928700804710388,up,0.8666666666666667,0.8666666666666667,72,0.0050140948834398,reversal_up,long,0.6922331510909966,0.6834848521011216,0.7003194689750671,False,False,15.3100004196167,"[0.6953, 0.6953, 0.6965, 0.6979, 0.6963]",False,,,,,,
2026-10-02T00:00:00|USDCAD=X|1d|NeoQuasar/Kronos-small,2026-10-03T22:32:55.852892+00:00,2026-10-02T00:00:00,USDCAD=X,forex,1d,Forex,NeoQuasar/Kronos-small,5,1.4220399856567385,down,0.4666666666666667,0.5333333333333333,17,-8.818892145956436e-05,,short,1.4246668815612793,1.434247088432312,1.4178165197372437,False,False,15.3100004196167,"[1.4237, 1.4235, 1.4246, 1.4229, 1.4219]",False,,,,,,
2026-10-02T00:00:00|USDCHF=X|1d|NeoQuasar/Kronos-small,2026-10-03T22:32:55.852892+00:00,2026-10-02T00:00:00,USDCHF=X,forex,1d,Forex,NeoQuasar/Kronos-small,5,0.8284800052642822,up,0.7333333333333333,0.7333333333333333,44,0.001506159750922,momentum_up,long,0.8277767545410565,0.8203838837998254,0.8360300064086914,False,False,15.3100004196167,"[0.83, 0.8298, 0.8299, 0.8301, 0.8297]",False,,,,,,
2026-10-02T00:00:00|NZDUSD=X|1d|NeoQuasar/Kronos-small,2026-10-03T22:32:55.852892+00:00,2026-10-02T00:00:00,NZDUSD=X,forex,1d,Forex,NeoQuasar/Kronos-small,5,0.560180127620697,up,0.8666666666666667,0.8666666666666667,80,0.0070590703835378,reversal_up,long,0.5596492998301983,0.5554026775062084,0.566554069519043,False,False,15.3100004196167,"[0.5606, 0.5603, 0.5625, 0.5631, 0.5641]",False,,,,,,
2026-10-02T00:00:00|GC=F|1d|NeoQuasar/Kronos-small,2026-10-03T22:32:55.852892+00:00,2026-10-02T00:00:00,GC=F,commodity,1d,Commodities,NeoQuasar/Kronos-small,5,4162.2998046875,up,0.6,0.6,31,0.0060087583979615,gap_up,long,4141.3154296875,3977.284817940848,4270.3974609375,False,False,15.3100004196167,"[4197.7969, 4197.1328, 4212.6309, 4217.9395, 4187.3101]",False,,,,,,
2026-10-02T00:00:00|SI=F|1d|NeoQuasar/Kronos-small,2026-10-03T22:32:55.852892+00:00,2026-10-02T00:00:00,SI=F,commodity,1d,Commodities,NeoQuasar/Kronos-small,5,59.97700119018555,up,0.8666666666666667,0.8666666666666667,78,0.0332722726524239,reversal_up,long,59.75372886657715,56.49954745428903,62.9378776550293,False,False,15.3100004196167,"[60.0537, 60.8395, 61.4951, 62.0578, 61.9726]",False,,,,,,
2026-10-02T00:00:00|CL=F|1d|NeoQuasar/Kronos-small,2026-10-03T22:32:55.852892+00:00,2026-10-02T00:00:00,CL=F,commodity,1d,Commodities,NeoQuasar/Kronos-small,5,91.11000061035156,up,0.6666666666666666,0.6666666666666666,37,0.0133735053764161,reversal_up|gap_down,long,89.60237884521484,79.38416941506523,94.54879760742188,False,False,15.3100004196167,"[90.6737, 91.1199, 92.1642, 91.6531, 92.3285]",False,,,,,,
2026-10-02T00:00:00|NG=F|1d|NeoQuasar/Kronos-small,2026-10-03T22:32:55.852892+00:00,2026-10-02T00:00:00,NG=F,commodity,1d,Commodities,NeoQuasar/Kronos-small,5,3.0350000858306885,up,0.8,0.8,68,0.0316026763525618,momentum_up,long,2.998861074447632,2.800831113542829,3.1958255767822266,False,False,15.3100004196167,"[3.0304, 3.0249, 3.0773, 3.1051, 3.1309]",False,,,,,,
2026-10-02T00:00:00|HG=F|1d|NeoQuasar/Kronos-small,2026-10-03T22:32:55.852892+00:00,2026-10-02T00:00:00,HG=F,commodity,1d,Commodities,NeoQuasar/Kronos-small,5,6.492000102996826,up,0.8666666666666667,0.8666666666666667,80,0.025369763632882,gap_up,long,6.481107247727258,6.361699606691088,6.695024490356445,False,False,15.3100004196167,"[6.5231, 6.5988, 6.6573, 6.6332, 6.6567]",False,,,,,,
2026-10-02T00:00:00|BTC-USD|1d|NeoQuasar/Kronos-small,2026-10-03T22:32:55.852892+00:00,2026-10-02T00:00:00,BTC-USD,crypto,1d,Crypto,NeoQuasar/Kronos-small,5,84497.2109375,down,0.1333333333333333,0.8666666666666667,76,-0.0319636104852942,,short,85374.5859375,90964.9640345982,80406.859375,False,False,15.3100004196167,"[84308.5938, 84312.8281, 83586.7188, 82165.7656, 81796.375]",False,,,,,,
2026-10-02T00:00:00|ETH-USD|1d|NeoQuasar/Kronos-small,2026-10-03T22:32:55.852892+00:00,2026-10-02T00:00:00,ETH-USD,crypto,1d,Crypto,NeoQuasar/Kronos-small,5,2668.151123046875,up,0.6,0.6,29,0.0067048857476526,,long,2650.672119140625,2458.3170122419083,2790.240234375,False,False,15.3100004196167,"[2684.1621, 2684.9304, 2669.5247, 2692.9956, 2686.0408]",False,,,,,,
2026-10-02T00:00:00|SOL-USD|1d|NeoQuasar/Kronos-small,2026-10-03T22:32:55.852892+00:00,2026-10-02T00:00:00,SOL-USD,crypto,1d,Crypto,NeoQuasar/Kronos-small,5,118.61514282226562,down,0.2666666666666666,0.7333333333333334,64,-0.0547051660487174,,short,119.64472579956056,131.25142206464494,107.2775421142578,False,False,15.3100004196167,"[118.4683, 117.7897, 114.2675, 115.3635, 112.1263]",False,,,,,,
2026-10-02T00:00:00|XRP-USD|1d|NeoQuasar/Kronos-small,2026-10-03T22:32:55.852892+00:00,2026-10-02T00:00:00,XRP-USD,crypto,1d,Crypto,NeoQuasar/Kronos-small,5,1.48498797416687,down,0.2666666666666666,0.7333333333333334,53,-0.0326038843116254,,short,1.5093613862991333,1.634094884140151,1.4053425788879397,False,False,15.3100004196167,"[1.4849, 1.4891, 1.4792, 1.4656, 1.4366]",False,,,,,,
2026-10-02T00:00:00|BNB-USD|1d|NeoQuasar/Kronos-small,2026-10-03T22:32:55.852892+00:00,2026-10-02T00:00:00,BNB-USD,crypto,1d,Crypto,NeoQuasar/Kronos-small,5,768.1484985351562,down,0.1333333333333333,0.8666666666666667,81,-0.0409080561557907,,short,771.2762756347656,805.9861280168806,717.8549194335938,False,False,15.3100004196167,"[762.8445, 761.8901, 744.3773, 740.885, 736.725]",False,,,,,,
2026-10-02T00:00:00|DOGE-USD|1d|NeoQuasar/Kronos-small,2026-10-03T22:32:55.852892+00:00,2026-10-02T00:00:00,DOGE-USD,crypto,1d,Crypto,NeoQuasar/Kronos-small,5,0.0929659977555275,down,0.4666666666666667,0.5333333333333333,22,-0.0114703969526398,,short,0.0947281830012798,0.1039238250149147,0.0878192782402038,False,False,15.3100004196167,"[0.0939, 0.0937, 0.0923, 0.0924, 0.0919]",False,,,,,,
2026-10-02T00:00:00|ADA-USD|1d|NeoQuasar/Kronos-small,2026-10-03T22:32:55.852892+00:00,2026-10-02T00:00:00,ADA-USD,crypto,1d,Crypto,NeoQuasar/Kronos-small,5,0.244375005364418,down,0.4,0.6,34,-0.031439970745858,,short,0.2489095106720924,0.2885677373302834,0.2290669381618499,False,False,15.3100004196167,"[0.2448, 0.2493, 0.2443, 0.24, 0.2367]",False,,,,,,
2026-10-02T00:00:00|TRX-USD|1d|NeoQuasar/Kronos-small,2026-10-03T22:32:55.852892+00:00,2026-10-02T00:00:00,TRX-USD,crypto,1d,Crypto,NeoQuasar/Kronos-small,5,0.334648996591568,up,0.8666666666666667,0.8666666666666667,79,0.0129202560843362,,long,0.334066595349993,0.3260529671396528,0.3428914546966553,False,False,15.3100004196167,"[0.3369, 0.3379, 0.3386, 0.3391, 0.339]",False,,,,,,
2026-10-02T00:00:00|AVAX-USD|1d|NeoQuasar/Kronos-small,2026-10-03T22:32:55.852892+00:00,2026-10-02T00:00:00,AVAX-USD,crypto,1d,Crypto,NeoQuasar/Kronos-small,5,10.804361343383787,down,0.2666666666666666,0.7333333333333334,47,-0.0303151309793088,,short,11.004000186920166,12.22295243058886,9.845874786376951,False,False,15.3100004196167,"[10.8071, 10.8039, 10.3611, 10.4853, 10.4768]",False,,,,,,
2026-10-02T00:00:00|LINK-USD|1d|NeoQuasar/Kronos-small,2026-10-03T22:32:55.852892+00:00,2026-10-02T00:00:00,LINK-USD,crypto,1d,Crypto,NeoQuasar/Kronos-small,5,13.798003196716309,down,0.0666666666666666,0.9333333333333332,86,-0.0650026558144019,,short,13.996632099151611,15.020697692462376,12.419259071350098,False,False,15.3100004196167,"[13.7995, 13.8656, 13.5506, 13.032, 12.9011]",False,,,,,,
2026-10-02T00:00:00|DOT-USD|1d|NeoQuasar/Kronos-small,2026-10-03T22:32:55.852892+00:00,2026-10-02T00:00:00,DOT-USD,crypto,1d,Crypto,NeoQuasar/Kronos-small,5,1.154904007911682,down,0.1333333333333333,0.8666666666666667,76,-0.0587753742063537,,short,1.187541425228119,1.2993792350803102,1.0463645458221436,False,False,15.3100004196167,"[1.1749, 1.1578, 1.1386, 1.1257, 1.087]",False,,,,,,
2026-10-02T00:00:00|LTC-USD|1d|NeoQuasar/Kronos-small,2026-10-03T22:32:55.852892+00:00,2026-10-02T00:00:00,LTC-USD,crypto,1d,Crypto,NeoQuasar/Kronos-small,5,69.83025360107422,down,0.0666666666666666,0.9333333333333332,81,-0.0780271285556504,reversal_down,short,70.33802795410156,77.5073045049395,61.369178771972656,False,False,15.3100004196167,"[68.5222, 68.3602, 68.9484, 68.1162, 64.3816]",False,,,,,,
2026-10-02T00:00:00|BCH-USD|1d|NeoQuasar/Kronos-small,2026-10-03T22:32:55.852892+00:00,2026-10-02T00:00:00,BCH-USD,crypto,1d,Crypto,NeoQuasar/Kronos-small,5,311.3139953613281,down,0.0666666666666666,0.9333333333333332,79,-0.0582322343087834,,short,314.0479402542114,340.39407386779783,286.6817932128906,False,False,15.3100004196167,"[305.4404, 304.0663, 301.8298, 299.4037, 293.1855]",False,,,,,,
2026-10-02T00:00:00|XLM-USD|1d|NeoQuasar/Kronos-small,2026-10-03T22:32:55.852892+00:00,2026-10-02T00:00:00,XLM-USD,crypto,1d,Crypto,NeoQuasar/Kronos-small,5,0.215500995516777,down,0.3333333333333333,0.6666666666666667,44,-0.0259666919443588,,short,0.2196877524256706,0.2364809022950274,0.2025424689054489,False,False,15.3100004196167,"[0.2172, 0.2144, 0.2133, 0.2147, 0.2099]",False,,,,,,
2026-10-02T00:00:00|HBAR-USD|1d|NeoQuasar/Kronos-small,2026-10-03T22:32:55.852892+00:00,2026-10-02T00:00:00,HBAR-USD,crypto,1d,Crypto,NeoQuasar/Kronos-small,5,0.1024539992213249,down,0.4,0.6,34,-0.0240441103695888,,short,0.1058245338499546,0.1158321063433374,0.0946421474218368,False,False,15.3100004196167,"[0.1027, 0.1038, 0.102, 0.1007, 0.1]",False,,,,,,
2026-10-02T00:00:00|SHIB-USD|1d|NeoQuasar/Kronos-small,2026-10-03T22:32:55.852892+00:00,2026-10-02T00:00:00,SHIB-USD,crypto,1d,Crypto,NeoQuasar/Kronos-small,5,6.000000212225132e-06,down,0.4666666666666667,0.5333333333333333,33,-0.2183094161498968,breakdown|volatility,short,6.334419140330283e-06,3.825282622398974e-05,3.809227564488538e-07,False,False,15.3100004196167,"[0.0, 0.0, 0.0, 0.0, 0.0]",False,,,,,,
2026-10-02T00:00:00|NEAR-USD|1d|NeoQuasar/Kronos-small,2026-10-03T22:32:55.852892+00:00,2026-10-02T00:00:00,NEAR-USD,crypto,1d,Crypto,NeoQuasar/Kronos-small,5,4.694114208221436,down,0.3333333333333333,0.6666666666666667,46,-0.0560056707093902,,short,4.846506595611572,5.515898220028196,4.142333030700684,False,False,15.3100004196167,"[4.6933, 4.6557, 4.6453, 4.5613, 4.4312]",False,,,,,,
2026-10-02T00:00:00|ATOM-USD|1d|NeoQuasar/Kronos-small,2026-10-03T22:32:55.852892+00:00,2026-10-02T00:00:00,ATOM-USD,crypto,1d,Crypto,NeoQuasar/Kronos-small,5,1.65169095993042,up,0.9333333333333332,0.9333333333333332,91,0.0654825400775496,reversal_up,long,1.6266058683395386,1.4217984629528864,1.8090136051177976,False,False,15.3100004196167,"[1.6511, 1.6973, 1.7364, 1.7459, 1.7598]",False,,,,,,
2026-10-02T00:00:00|ETC-USD|1d|NeoQuasar/Kronos-small,2026-10-03T22:32:55.852892+00:00,2026-10-02T00:00:00,ETC-USD,crypto,1d,Crypto,NeoQuasar/Kronos-small,5,8.834057807922363,down,0.0,1.0,86,-0.0438165895711203,,short,8.984956741333008,9.604263646262032,8.189043998718262,False,False,15.3100004196167,"[8.8716, 8.7863, 8.6749, 8.5912, 8.447]",False,,,,,,
2026-10-02T00:00:00|^VIX|1d|NeoQuasar/Kronos-small,2026-10-03T22:32:55.852892+00:00,2026-10-02T00:00:00,^VIX,index,1d,Index,NeoQuasar/Kronos-small,5,15.3100004196167,up,0.8,0.8,59,0.0587462739895645,gap_up,long,15.148125410079956,13.69648962020874,17.930307388305664,False,False,15.3100004196167,"[16.1256, 15.9217, 15.8629, 15.8851, 16.2094]",False,,,,,,
2026-09-28T00:00:00|AAPL|1wk|NeoQuasar/Kronos-small,2026-10-03T22:32:55.950839+00:00,2026-09-28T00:00:00,AAPL,stock,1wk,Information Technology,NeoQuasar/Kronos-small,4,333.69000244140625,down,0.375,0.625,35,-0.0101829518232169,,short,337.96289825439453,359.8155660774664,317.33628845214844,False,False,15.3100004196167,"[336.1662, 336.0221, 333.6568, 330.2921]",False,,,,,,
2026-09-28T00:00:00|MSFT|1wk|NeoQuasar/Kronos-small,2026-10-03T22:32:55.950839+00:00,2026-09-28T00:00:00,MSFT,stock,1wk,Information Technology,NeoQuasar/Kronos-small,4,517.530029296875,down,0.1875,0.8125,54,-0.0143769550755423,reversal_down,short,521.2379682659925,550.9014800189324,495.056396484375,False,False,15.3100004196167,"[511.2729, 510.5861, 515.5973, 510.0895]",False,,,,,,
2026-09-28T00:00:00|NVDA|1wk|NeoQuasar/Kronos-small,2026-10-03T22:32:55.950839+00:00,2026-09-28T00:00:00,NVDA,stock,1wk,Information Technology,NeoQuasar/Kronos-small,4,233.9499969482422,up,1.0,1.0,92,0.0761083558617068,breakout|momentum_up,long,231.9437757921105,215.89400654305703,261.7496032714844,False,False,15.3100004196167,"[240.5806, 246.4899, 249.5164, 251.7555]",False,,,,,,
2026-09-28T00:00:00|AMZN|1wk|NeoQuasar/Kronos-small,2026-10-03T22:32:55.950839+00:00,2026-09-28T00:00:00,AMZN,stock,1wk,Consumer Discretionary,NeoQuasar/Kronos-small,4,251.5200042724609,up,0.5625,0.5625,28,0.0153563705534253,,long,247.46960067749023,224.3220274788993,266.5526428222656,False,False,15.3100004196167,"[250.7258, 254.3209, 254.5206, 255.3824]",False,,,,,,
2026-09-28T00:00:00|GOOGL|1wk|NeoQuasar/Kronos-small,2026-10-03T22:32:55.950839+00:00,2026-09-28T00:00:00,GOOGL,stock,1wk,Communication Services,NeoQuasar/Kronos-small,4,343.5,up,0.5,0.5,16,-0.0041110775876773,,long,337.3706970214844,306.1942724652605,362.44183349609375,False,False,15.3100004196167,"[340.5094, 341.8091, 345.4098, 342.0878]",False,,,,,,
2026-09-28T00:00:00|META|1wk|NeoQuasar/Kronos-small,2026-10-03T22:32:55.950839+00:00,2026-09-28T00:00:00,META,stock,1wk,Communication Services,NeoQuasar/Kronos-small,4,728.0800170898438,down,0.375,0.625,34,-0.0206586327632398,,short,743.9298706054688,837.9260169698766,679.7155151367188,False,False,15.3100004196167,"[739.2841, 729.0225, 711.7762, 713.0389]",False,,,,,,
2026-09-28T00:00:00|TSLA|1wk|NeoQuasar/Kronos-small,2026-10-03T22:32:55.950839+00:00,2026-09-28T00:00:00,TSLA,stock,1wk,Consumer Discretionary,NeoQuasar/Kronos-small,4,370.5899963378906,down,0.375,0.625,27,-0.0114866043896925,momentum_down,short,379.45059967041016,447.7620647975377,334.1698760986328,False,False,15.3100004196167,"[371.9654, 363.3644, 370.9766, 366.3332]",False,,,,,,
2026-09-28T00:00:00|AMD|1wk|NeoQuasar/Kronos-small,2026-10-03T22:32:55.950839+00:00,2026-09-28T00:00:00,AMD,stock,1wk,Information Technology,NeoQuasar/Kronos-small,4,633.9099731445312,down,0.375,0.625,31,-0.0147693799940515,,short,653.5164184570312,730.0447747366769,553.5953674316406,False,False,15.3100004196167,"[625.2372, 622.9439, 606.0423, 624.5475]",False,,,,,,
2026-09-28T00:00:00|AVGO|1wk|NeoQuasar/Kronos-small,2026-10-03T22:32:55.950839+00:00,2026-09-28T00:00:00,AVGO,stock,1wk,Information Technology,NeoQuasar/Kronos-small,4,355.1400146484375,down,0.25,0.75,63,-0.0804893570874438,breakdown,short,363.062728881836,432.1196851626744,297.58567810058594,False,False,15.3100004196167,"[352.7113, 344.1894, 330.0993, 326.555]",False,,,,,,
2026-09-28T00:00:00|NFLX|1wk|NeoQuasar/Kronos-small,2026-10-03T22:32:55.950839+00:00,2026-09-28T00:00:00,NFLX,stock,1wk,Communication Services,NeoQuasar/Kronos-small,4,67.05999755859375,up,0.75,0.75,50,0.0254076140131481,,long,65.68560791015625,58.72265665871756,72.42948150634766,False,False,15.3100004196167,"[66.9667, 67.8103, 68.5253, 68.7638]",False,,,,,,
2026-09-28T00:00:00|JPM|1wk|NeoQuasar/Kronos-small,2026-10-03T22:32:55.950839+00:00,2026-09-28T00:00:00,JPM,stock,1wk,Financials,NeoQuasar/Kronos-small,4,332.3800048828125,up,0.9375,0.9375,75,0.0254602059527915,,long,329.2969665527344,312.1774296636667,354.6215362548828,False,False,15.3100004196167,"[336.2279, 336.2926, 343.3982, 340.8425]",False,,,,,,
2026-09-28T00:00:00|COIN|1wk|NeoQuasar/Kronos-small,2026-10-03T22:32:55.950839+00:00,2026-09-28T00:00:00,COIN,stock,1wk,Financials,NeoQuasar/Kronos-small,4,183.0,up,0.5625,0.5625,24,0.0255250357539276,,long,174.24591827392578,97.49921226501463,207.90289306640625,False,False,15.3100004196167,"[181.7692, 177.8108, 176.1222, 187.6711]",False,,,,,,
2026-09-28T00:00:00|PLTR|1wk|NeoQuasar/Kronos-small,2026-10-03T22:32:55.950839+00:00,2026-09-28T00:00:00,PLTR,stock,1wk,Information Technology,NeoQuasar/Kronos-small,4,188.75,down,0.1875,0.8125,61,-0.0584838058774834,reversal_down,short,191.8188095092773,221.10696738106864,167.0533218383789,False,False,15.3100004196167,"[186.7388, 184.6261, 183.895, 177.7112]",False,,,,,,
2026-09-28T00:00:00|SMCI|1wk|NeoQuasar/Kronos-small,2026-10-03T22:32:55.950839+00:00,2026-09-28T00:00:00,SMCI,stock,1wk,Information Technology,NeoQuasar/Kronos-small,4,43.68999862670898,down,0.3125,0.6875,42,-0.0572408483279288,reversal_down,short,44.41749095916748,57.80403631074088,34.11170959472656,False,False,15.3100004196167,"[42.0707, 40.7852, 40.4552, 41.1891]",False,,,,,,
2026-09-28T00:00:00|UBER|1wk|NeoQuasar/Kronos-small,2026-10-03T22:32:55.950839+00:00,2026-09-28T00:00:00,UBER,stock,1wk,Industrials,NeoQuasar/Kronos-small,4,68.11000061035156,down,0.4375,0.5625,24,-0.0102340972883893,,short,69.48354721069336,77.01641368865967,63.49727821350098,False,False,15.3100004196167,"[68.1544, 68.2071, 67.4619, 67.413]",False,,,,,,
2026-09-28T00:00:00|SPY|1wk|NeoQuasar/Kronos-small,2026-10-03T22:32:55.950839+00:00,2026-09-28T00:00:00,SPY,stock,1wk,ETF,NeoQuasar/Kronos-small,4,769.6400146484375,down,0.375,0.625,34,-0.0081195693946176,,short,772.5558776855469,805.1509015034705,749.1199035644531,False,False,15.3100004196167,"[767.4034, 766.6621, 765.7627, 763.3909]",False,,,,,,
2026-09-28T00:00:00|QQQ|1wk|NeoQuasar/Kronos-small,2026-10-03T22:32:55.950839+00:00,2026-09-28T00:00:00,QQQ,stock,1wk,ETF,NeoQuasar/Kronos-small,4,749.5800170898438,down,0.3125,0.6875,46,-0.0154267294372768,,short,753.4868011474609,786.3104926088109,716.4726257324219,False,False,15.3100004196167,"[749.8791, 745.8491, 743.2481, 738.0164]",False,,,,,,
2026-09-28T00:00:00|DIA|1wk|NeoQuasar/Kronos-small,2026-10-03T22:32:55.950839+00:00,2026-09-28T00:00:00,DIA,stock,1wk,ETF,NeoQuasar/Kronos-small,4,511.1000061035156,up,0.5,0.5,15,-0.0020552940772552,,long,508.3917007446289,492.6465875883925,521.4922180175781,False,False,15.3100004196167,"[512.0571, 512.1025, 513.0061, 510.0495]",False,,,,,,
2026-09-28T00:00:00|IWM|1wk|NeoQuasar/Kronos-small,2026-10-03T22:32:55.950839+00:00,2026-09-28T00:00:00,IWM,stock,1wk,ETF,NeoQuasar/Kronos-small,4,281.5199890136719,down,0.3125,0.6875,41,-0.0058393922414106,,short,283.2223663330078,297.22574891759723,270.32069396972656,False,False,15.3100004196167,"[279.2607, 281.5806, 280.7651, 279.8761]",False,,,,,,
2026-10-02T15:30:00|AAPL|1h|NeoQuasar/Kronos-small,2026-10-03T22:32:56.051646+00:00,2026-10-02T15:30:00,AAPL,stock,1h,Information Technology,NeoQuasar/Kronos-small,7,333.7900085449219,up,0.5,0.5,17,0.0003074248893568,,long,332.8538131713867,327.8506551470076,336.044189453125,False,False,15.3100004196167,"[333.7981, 333.8001, 333.8795, 334.3978, 334.0512, 333.761, 333.8926]",False,,,,,,
2026-10-02T15:30:00|MSFT|1h|NeoQuasar/Kronos-small,2026-10-03T22:32:56.051646+00:00,2026-10-02T15:30:00,MSFT,stock,1h,Information Technology,NeoQuasar/Kronos-small,7,517.8599853515625,down,0.25,0.75,58,-0.0084068605092179,,short,518.2933142525809,523.3669324602399,511.532958984375,False,False,15.3100004196167,"[513.8595, 514.9039, 514.811, 514.5105, 513.9532, 514.0831, 513.5064]",False,,,,,,
2026-10-02T15:30:00|NVDA|1h|NeoQuasar/Kronos-small,2026-10-03T22:32:56.051646+00:00,2026-10-02T15:30:00,NVDA,stock,1h,Information Technology,NeoQuasar/Kronos-small,7,233.9900054931641,up,0.5625,0.5625,23,0.0004357744156433,,long,233.14718627929688,230.17106219700403,236.0848617553711,False,False,15.3100004196167,"[234.1367, 234.4169, 234.0317, 234.1892, 234.0551, 234.1208, 234.092]",False,,,,,,
2026-10-02T15:30:00|AMZN|1h|NeoQuasar/Kronos-small,2026-10-03T22:32:56.051646+00:00,2026-10-02T15:30:00,AMZN,stock,1h,Consumer Discretionary,NeoQuasar/Kronos-small,7,251.52999877929688,down,0.3125,0.6875,45,-0.0036124741950963,,short,251.7684644971575,255.60871396745955,248.85999298095703,False,False,15.3100004196167,"[250.243, 251.28, 250.7214, 250.7824, 250.6357, 250.4042, 250.6214]",False,,,,,,
2026-10-02T15:30:00|GOOGL|1h|NeoQuasar/Kronos-small,2026-10-03T22:32:56.051646+00:00,2026-10-02T15:30:00,GOOGL,stock,1h,Communication Services,NeoQuasar/Kronos-small,7,343.5899963378906,up,0.625,0.625,35,0.0039328053709659,,long,342.86544036865234,336.3005120413644,347.4285125732422,False,False,15.3100004196167,"[345.0559, 344.2285, 343.8585, 344.7152, 344.5889, 344.4241, 344.9413]",False,,,,,,
2026-10-02T15:30:00|META|1h|NeoQuasar/Kronos-small,2026-10-03T22:32:56.051646+00:00,2026-10-02T15:30:00,META,stock,1h,Communication Services,NeoQuasar/Kronos-small,7,728.0700073242188,down,0.375,0.625,34,-0.0049649169620257,,short,732.0773315429688,749.300312587193,717.8288879394531,False,False,15.3100004196167,"[728.4676, 726.6996, 724.5358, 725.0219, 722.1283, 723.5485, 724.4552]",False,,,,,,
2026-10-02T15:30:00|TSLA|1h|NeoQuasar/Kronos-small,2026-10-03T22:32:56.051646+00:00,2026-10-02T15:30:00,TSLA,stock,1h,Consumer Discretionary,NeoQuasar/Kronos-small,7,370.7000122070313,up,0.5625,0.5625,25,0.0014729032399343,,long,368.00174713134766,358.0869838169643,374.4388885498047,False,False,15.3100004196167,"[368.7268, 370.2914, 370.3681, 370.833, 371.3241, 371.2357, 371.246]",False,,,,,,
2026-10-02T15:30:00|AMD|1h|NeoQuasar/Kronos-small,2026-10-03T22:32:56.051646+00:00,2026-10-02T15:30:00,AMD,stock,1h,Information Technology,NeoQuasar/Kronos-small,7,633.75,down,0.375,0.625,38,-0.0071775899130916,,short,635.919921875,661.3649008614676,624.3775329589844,False,False,15.3100004196167,"[631.7022, 629.6444, 629.7772, 629.4339, 629.899, 630.4206, 629.2012]",False,,,,,,
2026-10-02T15:30:00|AVGO|1h|NeoQuasar/Kronos-small,2026-10-03T22:32:56.051646+00:00,2026-10-02T15:30:00,AVGO,stock,1h,Information Technology,NeoQuasar/Kronos-small,7,355.1300048828125,up,0.625,0.625,27,0.0018482585568321,breakout,long,354.3819046020508,343.7000138419015,358.7035827636719,False,False,15.3100004196167,"[356.553, 356.6902, 356.4482, 356.9583, 356.386, 355.8709, 355.7864]",False,,,,,,
2026-10-02T15:30:00|NFLX|1h|NeoQuasar/Kronos-small,2026-10-03T22:32:56.051646+00:00,2026-10-02T15:30:00,NFLX,stock,1h,Communication Services,NeoQuasar/Kronos-small,7,67.07499694824219,up,0.6875,0.6875,51,0.0081360685941462,reversal_up,long,67.00992550168718,65.28734520503453,68.03890609741211,False,False,15.3100004196167,"[67.6036, 67.6918, 67.6497, 67.6878, 67.5275, 67.4754, 67.6207]",False,,,,,,
2026-10-02T15:30:00|JPM|1h|NeoQuasar/Kronos-small,2026-10-03T22:32:56.051646+00:00,2026-10-02T15:30:00,JPM,stock,1h,Financials,NeoQuasar/Kronos-small,7,332.3900146484375,up,0.5,0.5,13,0.0002208092065227,,long,331.11366271972656,327.3111577715193,334.08428955078125,False,False,15.3100004196167,"[331.7081, 332.1612, 332.3902, 332.6464, 332.7746, 332.5662, 332.4634]",False,,,,,,
2026-10-02T15:30:00|COIN|1h|NeoQuasar/Kronos-small,2026-10-03T22:32:56.051646+00:00,2026-10-02T15:30:00,COIN,stock,1h,Financials,NeoQuasar/Kronos-small,7,183.0,down,0.1875,0.8125,69,-0.0178045053951075,breakdown|momentum_down,short,183.43246105739047,188.2577748979841,175.87258911132812,False,False,15.3100004196167,"[179.893, 181.4669, 180.7926, 180.6749, 180.5247, 179.5354, 179.7418]",False,,,,,,
2026-10-02T15:30:00|PLTR|1h|NeoQuasar/Kronos-small,2026-10-03T22:32:56.051646+00:00,2026-10-02T15:30:00,PLTR,stock,1h,Information Technology,NeoQuasar/Kronos-small,7,188.7899932861328,down,0.3125,0.6875,54,-0.0137281420203012,breakdown|momentum_down,short,189.0528620311192,195.14811297825403,184.69310760498047,False,False,15.3100004196167,"[187.5425, 187.493, 187.1733, 186.7694, 186.3092, 186.1697, 186.1983]",False,,,,,,
2026-10-02T15:30:00|SMCI|1h|NeoQuasar/Kronos-small,2026-10-03T22:32:56.051646+00:00,2026-10-02T15:30:00,SMCI,stock,1h,Information Technology,NeoQuasar/Kronos-small,7,43.68000030517578,up,0.5,0.5,15,-0.0008986983044335,,long,43.45908546447754,41.3575438771929,44.50122261047363,False,False,15.3100004196167,"[43.7745, 43.802, 43.7625, 43.8762, 43.9538, 43.8537, 43.6407]",False,,,,,,
2026-10-02T15:30:00|UBER|1h|NeoQuasar/Kronos-small,2026-10-03T22:32:56.051646+00:00,2026-10-02T15:30:00,UBER,stock,1h,Industrials,NeoQuasar/Kronos-small,7,68.09302520751953,up,0.625,0.625,30,0.0017520833685804,,long,67.91737365722656,66.8822900227138,68.65320587158203,False,False,15.3100004196167,"[68.2877, 68.1855, 68.1731, 68.1564, 68.1436, 68.2017, 68.2123]",False,,,,,,
2026-10-02T15:30:00|SPY|1h|NeoQuasar/Kronos-small,2026-10-03T22:32:56.051646+00:00,2026-10-02T15:30:00,SPY,stock,1h,ETF,NeoQuasar/Kronos-small,7,769.6699829101562,down,0.4375,0.5625,37,-0.0031506851596313,,short,770.046685900007,774.8680910382952,764.0201110839844,False,False,15.3100004196167,"[766.333, 767.5086, 767.0132, 767.0511, 767.1862, 766.7719, 767.245]",False,,,,,,
2026-10-02T15:30:00|QQQ|1h|NeoQuasar/Kronos-small,2026-10-03T22:32:56.051646+00:00,2026-10-02T15:30:00,QQQ,stock,1h,ETF,NeoQuasar/Kronos-small,7,749.530029296875,up,0.6875,0.6875,47,0.0035436430706089,momentum_up,long,748.4795074462891,738.0851026262555,753.778076171875,False,False,15.3100004196167,"[749.5368, 750.34, 750.1274, 750.4308, 751.2984, 752.0414, 752.1861]",False,,,,,,
2026-10-02T15:30:00|DIA|1h|NeoQuasar/Kronos-small,2026-10-03T22:32:56.051646+00:00,2026-10-02T15:30:00,DIA,stock,1h,ETF,NeoQuasar/Kronos-small,7,511.0700073242188,up,0.6875,0.6875,40,0.0009490801255551,,long,510.5102844238281,507.36584963117326,513.6713256835938,False,False,15.3100004196167,"[511.1729, 511.2051, 511.9028, 511.4158, 511.7266, 511.6293, 511.5551]",False,,,,,,
2026-10-02T15:30:00|IWM|1h|NeoQuasar/Kronos-small,2026-10-03T22:32:56.051646+00:00,2026-10-02T15:30:00,IWM,stock,1h,ETF,NeoQuasar/Kronos-small,7,281.4700012207031,down,0.1875,0.8125,64,-0.0043603587428193,,short,281.6719643729074,284.25165884835377,278.82554626464844,False,False,15.3100004196167,"[280.1995, 280.6308, 280.5977, 280.5481, 280.4091, 280.311, 280.2427]",False,,,,,,
